index	label	sequence
0	1	RPFDPNDR
1	1	NNFAVGYR
2	1	VYAENAIR
3	1	MLEIDPQK
4	1	NITYEELR
5	1	LTEGCSFR
6	1	FLTYFPGR
7	1	EFSEQFIR
8	1	LAYIAHPK
9	1	GIFEPFGR
10	1	GFGFGLVK
11	1	AVSVTPIR
12	1	SDTVPSPR
13	1	LNVTPLAR
14	1	EMVLELIR
15	1	YQCYCYGR
16	1	VFAVSHGR
17	1	ISCTIANR
18	1	LLDQIVEK
19	1	VGDFGLAR
20	1	LVPQQLAH
21	1	DLQFSEIR
22	1	QVCTDVIR
23	1	CVNSPGSFR
24	1	TLDEILQEK
25	1	NLDDLTLLK
26	1	LAVYQAGAR
27	1	SYLYFTQFK
28	1	LEEQAQQIR
29	1	DGLTDVYNK
30	1	LQAEAFQAR
31	1	QLEEDIAAK
32	1	LGPLVEQGR
33	1	FVGDADLER
34	1	LIVENLSSR
35	1	LNNLVLFDK
36	1	SFQQELDAR
37	1	DDGLSAAAR
38	1	VELSTGMPR
39	1	GFSGLDGAK
40	1	AALQELLSK
41	1	YLENYDAIR
42	1	YEVTVVSVR
43	1	YEVSVYALK
44	1	GVVGLPGQR
45	1	LYCPVEFSK
46	1	AFSYYGPLR
47	1	CCHCCLLGR
48	1	EVVIVSATR
49	1	ALAIEEFCK
50	1	LQIEDFEAR
51	1	IIYPTAPPR
52	1	LQGLIPGAR
53	1	VGDTYERPK
54	1	VIACFDSLK
55	1	FTNIGPDTMR
56	1	LVENCVCLLR
57	1	FVLSQAKDEL
58	1	LTLSALVDGK
59	1	RDDGLSAAAR
60	1	LQDASAEVER
61	1	ESYEVSLTQK
62	1	ELGSSTNALR
63	1	HYQINQQWER
64	1	FFAPWCGHCK
65	1	MCVDVNECQR
66	1	QYNVGPSVSK
67	1	FVNVVPTFGK
68	1	ELGITALHIK
69	1	FVSEAELDER
70	1	SASVVSVISR
71	1	ITDVALDFWR
72	1	ALDDISESIK
73	1	AIVQQWLEYR
74	1	GSLASLDSLR
75	1	AGITTIEAVK
76	1	LAEAQIEELR
77	1	IFDTYVGAQR
78	1	AEADVASLNR
79	1	GYHLNEEGTR
80	1	HGTVSSFVAK
81	1	IAQITGPPDR
82	1	AAASGSVLQR
83	1	IAEVDCTAER
84	1	GTPQQIDYAR
85	1	TYHVGEQWQK
86	1	ATISDEEIER
87	1	LITPAVVSER
88	1	TSALTQGLER
89	1	LEQSEAQLGR
90	1	SLSQQIENIR
91	1	TFYSCTTEGR
92	1	TGIDLGTTGR
93	1	STTPDITGYR
94	1	SDGIYLINLK
95	1	TGYYFDGISR
96	1	FYAPWCGHCK
97	1	TLSPVLESPR
98	1	LCEGFNEVLK
99	1	GEWTCKPIAEK
100	1	FVNVVPTFGKK
101	1	GFGFVEFEDPR
102	1	GLDPYNVLAPK
103	1	LQVEEVHQLSR
104	1	IGPITPLEFYR
105	1	IQVLVEPDHFK
106	1	GNDVAFHFNPR
107	1	IYLYTLNDNAR
108	1	GHQQLYWSHPR
109	1	KSDGIYLINLK
110	1	LGADMEDVCGR
111	1	AAAAEGVLATR
112	1	AQLPVLLQSGR
113	1	DLQFVEVTDVK
114	1	DLLHPSPEEEK
115	1	DLLHPSLEEEK
116	1	DLEEFFSTVGK
117	1	DKLNNLVLFDK
118	1	DRDLEVDTTLK
119	1	DCSLPYATESK
120	1	AGITTIEAVKR
121	1	TPGPGAQSALR
122	1	CLAFECPENYR
123	1	AKLEEQAQQIR
124	1	VAAAVPVIISR
125	1	AVSVTPIRDTK
126	1	VLQPGTALFSR
127	1	AEADVASLNRR
128	1	SKQLEEDIAAK
129	1	NANTFISPQQR
130	1	NFLSTPQFLYR
131	1	EPVQLETLSIR
132	1	SGDLGDMEPLK
133	1	QDVYGPQPQVR
134	1	EIEIDIEPTDK
135	1	QTTQDAPEEVR
136	1	EELEEEQRTEE
137	1	RFVNVVPTFGK
138	1	AAAAELSLLEK
139	1	FEEILQEAGSR
140	1	YQLDPTASISAK
141	1	IHMGSCAENTAK
142	1	VYVGNLGTGAGK
143	1	IEEIKDFLLTAR
144	1	WLPSSSPVTGYR
145	1	WSRPQAPITGYR
146	1	IDSLMDEISFLK
147	1	IENVVLDANCSR
148	1	YGVGTPAAAAAK
149	1	IELGDVTPHNIK
150	1	IAWESPQGQVSR
151	1	IGFDVVTLSGTR
152	1	VPDGMVGFIIGR
153	1	LVIPSELGYGER
154	1	LYSILQGDSPTK
155	1	MLDQTLLDLNEM
156	1	QICVVMLESPPK
157	1	RGFGFVEFEDPR
158	1	SDFQVNLNNASR
159	1	LPAELGPQLLHK
160	1	SLDNNYSTPNER
161	1	SSEVDVSDLGSR
162	1	SWFEPLVEDMQR
163	1	LDDIEEFENIRK
164	1	TTAARPTFEPAR
165	1	LAAAEETAVSPR
166	1	VLCDDVICDETK
167	1	KGLDPYNVLAPK
168	1	VPFLVLECPNLK
169	1	HVFLTGPPGVGK
170	1	GQAGVMGFPGPK
171	1	DADDAVYELDGK
172	1	GVQGPPGPAGPR
173	1	GYELLFQPEVVR
174	1	FGLSAAEDITPR
175	1	GEWTCIAYSQLR
176	1	ESKPLTAQQTTK
177	1	EGNGTVMGAELR
178	1	FLEEYLSSTPQR
179	1	DLLHPSPEEEKR
180	1	CLAFECPENYRR
181	1	FICIYPAYLNNK
182	1	KLVIPSELGYGER
183	1	GIPVLVGLLDHPK
184	1	EMATAASSSSLEK
185	1	NREPVQLETLSIR
186	1	VVGAVIDQGLITR
187	1	KIEEIKDFLLTAR
188	1	GLAFTDVDVDSIK
189	1	WCGTTQNYDADQK
190	1	CDPHEATCYDDGK
191	1	LSAKPAPPKPEPK
192	1	FLEESVSMSPEER
193	1	LTFDTTFSPNTGK
194	1	LGVRPSQGGEAPR
195	1	NEQDAYAINSYTR
196	1	LVQSPNSYFMDVK
197	1	ASDAEGDVAALNR
198	1	TTAAMWALQTVEK
199	1	VFANPEDCVAFGK
200	1	LPGGYGLPYTTGK
201	1	FHPEPYGLEDDQR
202	1	QFLECAQNQGDIK
203	1	HVISYSLSPFEQR
204	1	SQDGASQFQEVIR
205	1	SNAAAYLQHLCYR
206	1	IASGLGLAWIVGR
207	1	SLADLQNDEVAFR
208	1	IEDVTPIPSDSTR
209	1	SISADDDLQESSR
210	1	YHDRDVWKPEPCR
211	1	TEVLSEDLLQIER
212	1	YAMVYGYNAAYNR
213	1	TKTPGPGAQSALR
214	1	EDPNLVPSISNKR
215	1	IGGNEGIDVPIPR
216	1	QSVFPFESGKPFK
217	1	CQHAAEIITDLLR
218	1	GNLLQCICTGNGR
219	1	IQFKPDDGTTPER
220	1	IQIAPDSGGLPER
221	1	ILISGLEPSTPYR
222	1	QAGEVTFADAHRPK
223	1	FPGINYPVLTPNLK
224	1	FLFENQTPAHVYYR
225	1	SQGGEPTYNVAVGR
226	1	EIEIDIEPTDKVER
227	1	SYTITGLQPGTDYK
228	1	VAVNDAHLLQYNHR
229	1	EATIPGHLNSYTIK
230	1	DLLSDLQDISDSER
231	1	EAIENATTNAEVLR
232	1	NHCGIASAASYPTV
233	1	DSMIWDCTCIGAGR
234	1	QEDGSLCLVQFPSR
235	1	QYNVGPSVSKYPLR
236	1	GVPGPPGAVGPAGK
237	1	IALLPLLQAETDRR
238	1	AEDSLLAAEEAAAK
239	1	LLCQCLGFGSGHFR
240	1	YSFCTDHTVLVQTR
241	1	VTPPAVTGSPEFER
242	1	IFLCCPGWFQTPGR
243	1	IQVLQQQADDAEER
244	1	IEDVTPIPSDSTRR
245	1	GFPGLPGPSGEPGK
246	1	ESDVPLKTEEFEVTK
247	1	MLITILGTVKPNANR
248	1	VDVIPVNLPGEHGQR
249	1	KIQVLQQQADDAEER
250	1	YAASSYLSLTPEQWK
251	1	AATVGSLAGQPLQER
252	1	SELEEQLTPVAEETR
253	1	SCMLTGTPESVQSAK
254	1	TPPLLENSLPQCYQR
255	1	ILQDVADEEIAALPR
256	1	GPSGPQGPGGPPGPK
257	1	TLNEWSSQINPDLVR
258	1	CILTTVDPDTGVIDR
259	1	ALSAIADLLTNEHER
260	1	VLYAYGYYTGEPSKR
261	1	LSAKPAPPKPEPKPK
262	1	GESGPSGPAGPTGAR
263	1	LSQLSVTDVTTSSLR
264	1	GDSPASSKPISINYR
265	1	SSGVPVDGFYTEEVR
266	1	LNEGVVEFASYGDLK
267	1	SQNTPDSSASNLGFR
268	1	LSAKPAPPKPEPKPR
269	1	SYSCQVTHEGSTVEK
270	1	AQAAAPASVPAQAPK
271	1	VLGVPIIVQASQAEK
272	1	VPGTSTSATLTGLTR
273	1	FVCYCEGEESGEGDR
274	1	AQAAAPASVPAQAPKR
275	1	ITGYIIKYEKPGSPPR
276	1	LNWEAPPGAFDSFLLR
277	1	EALCGCSINVPTLDGR
278	1	CVDVDECAPPAEPCGK
279	1	TGHLCSTGLDQCALGK
280	1	IIEVEEEQEDPYLNDR
281	1	SWASPVYTEADGTFSR
282	1	EYLGAICSCTCFGGQR
283	1	TYLGNALVCTCYGGSR
284	1	HIEWESVLTNTAGCLR
285	1	VTIMWTPPESAVTGYR
286	1	VLGAGGAGPAPATPSR
287	1	VFDKEGNGTVMGAELR
288	1	DLMELQALIDSHFEAR
289	1	ESLELEDPSSGLGVTK
290	1	MVGDVTGAQAYASTAK
291	1	TEEEEEDLPDAQTAAK
292	1	ALGNNFYEYYVDDPPR
293	1	NLQPASEYTVSLVAIK
294	1	IGRIEDVTPIPSDSTR
295	1	SDEFSLADALPEHSPAK
296	1	SQSSHSYDDSTLPLIDR
297	1	SQETGDLDVGGLQETDK
298	1	GSAGPPGATGFPGAAGR
299	1	DSSCGTGYELTEDNSCK
300	1	TDASSASSFLDSDELER
301	1	STGGISVPGPMGPSGPR
302	1	CPSIAAAIAAVNALHGR
303	1	IVHELNTTVPTASFAGK
304	1	GFNCESKPEAEETCFDK
305	1	VTWAPPPSIDLTNFLVR
306	1	GLGGEVPGSHQGPDPYR
307	1	VYVGNLGTGAGKGELER
308	1	WLPVQESSTDDKKPGER
309	1	FLATTPNSLLVSWQPPR
310	1	TPIGSFLGSLSLLPATK
311	1	FNVTGTPEQYVPYSTTR
312	1	ITSAPDMEDILTESEIK
313	1	LRDPDINPCLSESDASTR
314	1	GETGPAGPAGPVGPVGAR
315	1	HYEDGYPGGSDNYGSLSR
316	1	HTSVQTTSSGSGPFTDVR
317	1	LGSAPAASPALASPEGPK
318	1	VSPHSGVVALTKPVPEPR
319	1	STDTGVSLPSYEEDQGSK
320	1	YLMKADLMPFLYWNMMLR
321	1	GFSGLDGAKGDAGPAGPK
322	1	GQSFFIDAPDSPATLAYR
323	1	MVMIQDGPQNTGADKPLR
324	1	SGEYWIDPNQGCNLDAIK
325	1	EAYMGNVLQGGEGQAPTR
326	1	DESSPYAAMLAAQDVAQR
327	1	NTFAEVTGLSPGVTYYFK
328	1	QDGHLWCSTTSNYEQDQK
329	1	ATVWDEAEQDGIGEEVLK
330	1	QTLSTPGTIILGTIPVPK
331	1	EESPLLIGQQSTVSDVPR
332	1	AAPSVTLFPPSSEELQANK
333	1	TPAILEASAGAIQNLCAGR
334	1	DGEAGAQGPPGPAGPAGER
335	1	AANATTNPSQLLPLELVDK
336	1	CGYAGSNFPEHIFPALVGR
337	1	YVQLPADEVDTQLLQDAAR
338	1	SSPVVIDASTAIDAPSNLR
339	1	FPGVGVLPGVPTGAGVKPK
340	1	FGVPSPSTLEPHPRPLLQR
341	1	FEQQLAQTDGTLSTLEFQR
342	1	KVSPHSGVVALTKPVPEPR
343	1	ITYVANVNPGGWAPASVLR
344	1	QAVLGAGLPISTPCTTINK
345	1	VNNSSLIGVGYTQTLRPGVK
346	1	VTHETSAHEGQTEAPSIDEK
347	1	ESVPISDTIIPAVPPPTDLR
348	1	AGYPTGTGVGPQAAAAAAAK
349	1	ITYYHLSFPTNIQAPAVVFR
350	1	GPPGPMGPPGLAGPPGESGR
351	1	YFILPDSLPLDTLLVDVEPK
352	1	AAPSGGVNCEEFAEFQELLK
353	1	IGGDAGTSLNSNDYGYGGQK
354	1	NPPGFAFVEFEDPRDAEDAVR
355	1	EINLAPDSSSVVVSGLMVATK
356	1	ITYGETGGNSPVQEFTVPGSK
357	1	ADRDESSPYAAMLAAQDVAQR
358	1	GPAGPQGPRGDKGETGEQGDR
359	1	TNTNVNCPIECFMPLDVQADR
360	1	HRPRPYPPNVGEEIQIGHIPR
361	1	VFCNMETGETCVYPTQPSVAQK
362	1	RPGGEPSPEGTTGQSYNQYSQR
363	1	DTLTSRPAQGVVTTLENVSPPR
364	1	TETITGFQVDAVPANGQTPIQR
365	1	FGFCPMAAHEEICTTNEGVMYR
366	1	SGDRGETGPAGPAGPVGPVGAR
367	1	TEIDKPSQMQVTDVQDNSISVK
368	1	LQAAQLPHTGVFGQSFSCPSDR
369	1	GFEESEPLTGFLTTVPDGPTQLR
370	1	VKADRDESSPYAAMLAAQDVAQR
371	1	ATFYTPQNPSSLAPAPLRPLEDR
372	1	DDKESVPISDTIIPAVPPPTDLR
373	1	MVGSYGPRPEEYEFLTPVEEAPK
374	1	YQEAAPNVANNTGPHAASCFGAK
375	1	DTLTSRPAQGVVTTLENVSPPRR
376	1	NLQPASEYTVSLVAIKGNQESPK
377	1	FTQVTPTSLSAQWTPPNVQLTGYR
378	1	DLEVVAATPTSLLISWDAPAVTVR
379	1	VLLSICSLLCDPNPDDPLVPEIAR
380	1	GFNCESKPEAEETCFDKYTGNTYR
381	1	GSPGADGPAGAPGTPGPQGIAGQR
382	1	TKTETITGFQVDAVPANGQTPIQR
383	1	CDPVDQCQDSETGTFYQIGDSWEK
384	1	LGPLSAEGTTGLAPAGQTSEESRPR
385	1	SYTITGLQPGTDYKIYLYTLNDNAR
386	1	DKDDQEWESPSPPKPTVFISGVIAR
387	1	SYEDMIGEEVPSDQYYWAPLAQHER
388	1	GLKPGVVYEGQLISIQQYGHQEVTR
389	1	AAPEEPQQRPPEAVAAAPAGTTSSR
390	1	DIDECESGIHNCLPDFICQNTLGSFR
391	1	TNTNVNCPIECFMPLDVQADREDSRE
392	1	TGLDSPTGIDFSDITANSFTVHWIAPR
393	1	LPIIDVAPLDVGAPDQEFGFDVGPVCFL
394	1	AAPRPAPVAQPPAAAPPSAVGSSAAAPR
395	1	EEKDKDDQEWESPSPPKPTVFISGVIAR
396	1	VVTPLSPPTNLHLEANPDTGVLTVSWER
397	1	MVQEQCCHSQLEELHCATGISLANEQDR
398	1	EFDYVINDLTAVPISTSPEEDSTWEFLR
399	1	MGPSSAVPGDSMQLAITGGNEEGFFTTR
400	1	LEDGTEFDSSLPQNQPFVFSLGTGQVIK
401	1	MGQAVPAPTGAPPGGQPDYSAAWAEYYR
402	1	TDELPQLVTLPHPNLHGPEILDVPSTVQK
403	1	ASADELTFHEFEEATNLLADTPDAATTSR
404	1	TVQPVAMGPDGLPVDASSVSNNYIQTLGR
405	1	GYQLSDVDGVTCEDIDECALPTGGHICSYR
406	1	GNDGATGAAGPPGPTGPAGPPGFPGAVGAK
407	1	GFSGLQGPPGPPGSPGEQGPSGASGPAGPR
408	1	KTDELPQLVTLPHPNLHGPEILDVPSTVQK
409	1	KKTDELPQLVTLPHPNLHGPEILDVPSTVQK
410	1	RGYQLSDVDGVTCEDIDECALPTGGHICSYR
411	1	IGGDAGTSLNSNDYGYGGQKRPLEDGDQPDAK
412	1	GVPGPPGAVGPAGKDGEAGAQGPPGPAGPAGER
413	1	SQETGDLDVGGLQETDKIIEVEEEQEDPYLNDR
414	1	VEYELSEEGDEPQYLDLPSTATSVNIPDLLPGR
415	1	GLTGPIGPPGPAGAPGDKGESGPSGPAGPTGAR
416	1	AAVYQPQPHPQPPPYGHCVTDSGVVYSVGMQWLK
417	1	VEYELSEEGDEPQYLDLPSTATSVNIPDLLPGRK
418	1	DAPIVNKVVTPLSPPTNLHLEANPDTGVLTVSWER
419	1	NCPGAEVPEGECCPVCPDGSESPTDQETTGVEGPK
420	1	YGAAVPGVLGGLGALGGVGIPGGVVGAGPAAAAAAAK
421	1	TGQEALSQTTISWAPFQDTSEYIISCHPVGTDEEPLQFR
422	1	EEVVTVGNSVNEGLNQPTDDSCFDPYTVSHYAVGDEWER
423	1	NCPGAEVPEGECCPVCPDGSESPTDQETTGVEGPKGDTGPR
424	1	FGAGAAGVLPGVGGAGVPGVPGAIPGIGGIAGVGTPAAAAAAAAAAK
425	1	AQITGYR
426	1	AQVIYTR
427	1	DFLLTAR
428	1	DLLLTVK
429	1	ELSDLAR
430	1	IALDFQR
431	1	IGDQWDK
432	1	IGDTWSK
433	1	ITGYIIK
434	1	LDNNWGR
435	1	LEDLIVK
436	1	LMDQNLK
437	1	LQLLSLR
438	1	TIKPDVR
439	1	VLEELHK
440	1	VSWQDLK
441	1	YQELLER